SiteID,DreissenidVeligers,Copepodnauplii,Ascomorphaeucaudis,Ascomorphaovalis,Asplanchnapriodonta,Bdelloidea,Cephalodellaspp,Collothecaspp,Conochilusunicornis,Euchlanisspp,Gastropusstylifer,Kellicottialongispina,Keratellacochlearis,Keratellacrassa,Keratellaearlinae,Keratellahiemalis,Keratellaquadrata,Lecaneflexilis,Lecaneludwigi,Lecanespp,Lepadellaspp,Monostylacopeis,Monostylalunaris,Monostylaspp,Notholcaacuminata,Notholcafoliacea,Notholcalaurentiae,Notholcasquamula,Ploesomahudsoni,Ploesomalenticulare,Ploesomatruncatum,Polyarthraspp,Pompholyxsulcata,Ptygura,Rotifera,Stephanoceros,Synchaetaspp,Trichocercacylindrica,Trichocercamulticrinis,Trichocercaporcellus,Trichocercarousseleti,Trichocercaspp,Trichotriaspp,Tylotrochamonopus, Epischuralacustris, Eurytemoracarolleea, Leptodiaptomusashlandi, Leptodiaptomusminutus, Leptodiaptomussicilis, Limnocalanusmacrurus, Senecellacalanoides, Skistodiaptomusoregonensis, Diacyclopsnanus, Diacyclopsthomasi, Mesocyclopsedax, Microcyclopsvaricans, Tropocyclopsprasinusmexicanus, Alonaspp, Alonella, Bosminalongirostris, Bosminaspp, Bythotrepheslongimanus, Cercopagispengoi, Ceriodaphniaspp, Chydorussp, Daphniagaleatamendotae, Daphnialongiremis, Daphniaparvula, Daphniaretrocurva, Daphniaspp, Diaphanosomaspp, Eubosminacoregoni, Eurycercuslamellatus, Holopediumgibberum, Leptodorakindti, Polyphemuspediculus, Harpacticoidcopepodites, Calanoidcopepodites, Epischuracopepodites, Limnocalanuscopepodites, Senecellacopepodites, Cyclopscopepodites, Mysisdiluviana
1,7101,73618,0,0,473,0,0,0,8048,0,473,3077,19411,17043,2604,473,0,0,0,0,0,0,0,0,0,0,473,0,237,0,237,14676,0,0,0,0,1420,237,0,947,0,0,0,0,0,0,402,804,0,0,0,1407,0,603,603,0,0,0,0,22110,402,3,0,0,0,0,0,0,201,201,0,0,0,2412,0,0,0,6030,0,0,201,92862,0
2,211380,33638,0,415,415,0,0,415,4153,0,1246,4153,9136,415,415,0,0,0,0,0,0,0,0,0,0,0,0,0,0,0,0,14950,0,0,0,0,10382,0,0,0,0,0,0,0,0,0,285,855,0,0,0,665,0,1330,475,0,190,95,0,10070,0,0,0,0,0,0,95,0,0,0,0,0,0,1045,0,0,0,12730,855,0,0,19570,0
3,137804,31445,0,0,925,0,0,925,7399,0,4162,6936,12948,462,2775,0,0,0,0,0,0,0,0,0,0,0,0,0,0,0,0,7399,0,0,0,0,16647,0,0,0,0,0,0,0,71,0,847,565,0,424,0,987,0,2468,494,0,141,0,0,8672,1058,16,0,0,0,0,71,0,0,0,0,0,0,1340,0,0,0,19106,635,282,0,12549,0
4,20708,12842,0,0,0,0,0,161,3210,0,963,9631,5618,803,642,0,0,0,0,0,0,0,0,0,0,0,0,0,0,0,0,14608,0,0,0,0,26647,0,0,0,0,0,0,0,107,0,133,822,0,27,0,80,0,133,27,0,53,0,0,1325,27,7,0,0,0,0,0,0,0,0,0,0,0,239,0,0,27,3763,1484,106,0,2041,0
5,42965,44350,0,0,0,0,0,0,1940,0,0,8593,2218,277,554,0,0,0,0,0,0,0,0,0,0,0,0,0,0,0,0,11642,0,0,0,0,7761,0,0,0,0,0,0,0,26,0,511,587,153,52,0,26,0,5126,0,0,0,0,0,1632,0,3,0,0,0,0,0,0,0,0,0,0,0,77,0,0,0,4029,230,357,204,1989,0
6,463,44453,0,0,0,0,0,0,1042,0,116,116,0,0,0,0,0,0,0,0,0,0,0,0,0,0,0,0,0,0,0,810,0,0,0,0,4862,0,0,0,0,0,0,0,0,0,1189,1763,1435,0,0,82,0,4879,0,0,0,0,0,164,0,1,0,0,0,0,0,0,0,0,0,0,0,82,0,0,0,9266,0,1230,205,697,0
7,4463,11120,0,37,74,0,0,0,260,0,0,260,149,37,74,0,0,0,0,0,0,0,0,0,0,0,0,0,0,0,260,707,0,0,0,0,6769,0,0,0,0,0,0,0,80,0,30,810,90,10,0,10,0,600,70,0,0,0,0,760,60,3,0,0,0,0,0,0,0,0,0,0,0,50,0,10,10,1930,560,50,10,680,0
8,66577,19571,0,183,0,0,0,183,549,0,366,366,183,0,0,0,0,0,0,0,0,0,0,0,0,0,0,0,0,0,0,1097,0,0,0,0,23229,0,0,0,0,0,0,0,0,0,47,605,77,0,0,8,0,271,8,0,8,8,0,209,0,0,0,0,0,0,0,0,0,0,0,0,0,8,0,0,0,1325,85,109,16,566,0
9,3013,36252,0,0,0,0,0,486,97,0,0,389,389,0,0,0,0,0,0,0,0,0,0,0,0,0,0,0,0,0,0,1166,0,0,0,0,1555,0,0,0,0,0,0,0,0,0,851,3367,259,111,0,74,0,2923,0,0,0,0,0,666,74,1,0,0,0,0,0,0,0,0,0,0,0,74,0,0,0,5957,74,296,407,1554,0
10,0,37989,0,0,0,0,0,0,0,0,0,0,0,0,0,0,0,0,0,0,0,0,0,0,0,0,0,0,0,0,0,324,0,0,0,0,1134,0,0,0,0,0,0,0,0,0,1740,6569,1479,0,44,0,0,5612,44,0,0,0,0,87,0,0,0,0,0,0,0,0,0,0,0,0,0,0,0,0,0,7091,0,609,44,914,0
11,17756,10846,0,46,0,0,0,0,275,0,46,0,92,46,46,0,0,0,0,0,46,0,0,46,0,0,0,0,0,0,46,46,0,0,0,0,229,0,0,0,0,0,0,0,0,0,109,239,0,0,0,0,0,13,0,0,0,0,0,157,0,0,0,0,0,0,0,0,0,0,0,0,0,0,0,0,0,1274,21,0,14,48,0
12,61104,44284,0,0,0,0,0,0,0,213,0,0,213,0,0,0,0,0,0,0,0,0,0,0,0,0,0,0,0,0,0,639,0,0,0,0,0,0,0,0,0,0,0,0,37,0,767,3869,1314,0,0,0,0,4125,0,0,0,37,0,73,0,1,0,0,0,0,0,0,0,0,0,0,0,0,0,0,0,5110,0,219,0,329,0
13,31487,37275,0,0,0,0,0,0,232,0,347,0,0,0,0,0,0,0,0,0,0,0,0,0,0,0,0,0,0,0,0,232,0,0,0,0,579,0,0,0,0,0,0,0,0,0,390,3042,1209,0,39,39,0,3471,0,0,0,0,0,351,0,0,0,0,0,0,0,0,0,0,0,0,0,0,0,0,0,6708,234,312,0,195,0
14,3655,33912,0,0,0,0,0,0,56,0,112,0,0,0,0,0,0,0,0,0,0,0,0,0,0,0,0,0,0,0,0,394,0,0,0,0,1237,0,0,0,0,0,0,0,0,0,427,2989,1098,0,0,0,0,2105,0,0,0,0,0,122,0,0,0,0,0,0,0,0,0,0,0,0,0,0,0,0,0,6344,92,458,458,427,0
15,57504,19627,0,344,0,0,0,3099,14806,0,0,2410,6887,1377,344,0,344,0,0,0,0,0,0,0,0,0,0,0,0,0,0,2755,0,0,0,0,30646,0,0,0,0,0,0,0,770,41,163,325,405,41,0,122,0,446,729,41,0,0,0,10044,0,10,0,41,810,770,0,0,41,0,41,41,0,122,0,0,0,4536,810,0,0,2106,0
16,105120,17972,0,0,0,0,0,339,339,0,0,0,0,0,0,0,0,0,0,0,0,0,0,0,0,0,0,0,0,0,0,1695,0,0,0,0,11868,0,0,0,0,0,0,0,18,0,270,162,162,24,0,6,0,156,18,0,0,0,0,366,0,0,0,0,0,0,0,0,0,30,0,0,0,0,0,0,6,816,102,12,6,372,0
17,13537,2978,0,0,0,0,160,0,92,0,0,0,23,0,0,0,0,0,0,0,0,0,0,0,0,0,0,0,0,0,0,23,0,0,0,0,92,0,0,0,0,0,0,0,1,0,67,87,13,6,0,2,0,7,1,0,0,3,0,166,0,0,0,0,0,10,0,0,0,0,0,0,0,1,0,0,1,234,4,3,0,59,0
18,103946,22452,0,0,0,0,0,0,0,0,0,0,0,0,277,0,0,0,0,0,0,0,0,0,0,0,0,0,0,0,0,0,0,0,0,0,1109,0,0,0,0,0,0,0,7,0,718,544,153,58,0,51,0,305,7,0,0,0,0,370,0,0,0,0,0,7,36,0,0,0,0,0,0,0,0,0,0,1660,22,80,22,261,0
19,8075,72363,0,0,0,0,0,0,0,0,155,0,0,0,0,0,0,0,0,0,0,0,0,0,311,0,0,155,0,0,0,0,0,0,0,0,776,0,0,0,0,0,0,0,0,0,6683,1681,1681,0,0,0,0,3239,0,0,0,0,0,492,0,0,0,0,0,0,0,0,0,0,0,0,0,0,0,0,0,7011,0,410,0,2747,0
20,127,29092,0,0,0,0,0,0,380,0,0,0,0,0,0,0,0,0,0,0,0,0,0,0,0,0,0,0,0,0,0,0,0,0,0,0,190,0,0,0,0,0,0,0,0,0,2182,2365,1082,92,0,128,0,2145,0,0,0,0,0,92,0,0,0,0,0,0,0,0,0,0,0,0,0,0,0,0,0,1210,0,37,37,862,0
21,16301,1542,0,37,0,0,330,37,110,0,37,0,0,0,0,0,0,0,0,0,0,0,0,0,0,0,0,0,0,0,0,147,0,0,0,0,3525,0,0,0,0,0,0,0,0,0,1,7,0,0,0,1,0,4,0,0,1,0,0,16,0,0,0,0,0,0,0,0,0,0,0,0,0,0,0,0,0,20,0,0,0,9,0
22,3016,10071,0,0,0,0,0,0,0,0,0,0,0,0,0,0,0,0,0,0,0,0,0,0,0,0,0,0,0,0,0,28,0,0,0,0,138,0,0,0,0,0,0,0,0,0,1179,5131,1458,47,0,62,0,2279,0,0,0,0,0,78,0,0,0,0,0,0,0,0,0,0,0,0,0,0,0,0,0,1023,0,16,0,248,0
23,52171,23834,0,0,0,0,0,0,0,0,0,0,0,0,0,0,0,0,0,0,0,0,0,0,0,0,0,0,0,0,0,938,0,0,0,0,0,0,0,0,0,0,0,0,0,0,4740,3720,1470,60,0,120,0,2820,0,0,0,0,0,90,0,0,0,0,0,0,0,0,0,0,0,0,0,0,0,0,0,2130,0,0,30,390,1
24,6672,21207,0,0,0,0,0,0,119,0,0,0,0,0,0,0,0,0,0,0,0,0,0,0,0,0,0,0,0,0,0,0,0,0,0,0,715,0,0,0,0,0,0,0,0,0,2808,7632,1440,72,0,144,36,3096,0,0,0,0,0,108,0,0,0,0,0,0,0,0,0,0,0,0,0,0,0,0,0,2124,0,252,0,756,0
25,13635,4708,0,0,0,0,0,0,0,0,0,0,0,0,0,0,0,0,0,0,0,0,0,0,0,0,0,0,0,0,0,0,0,0,0,0,113,0,0,0,0,0,0,0,10,0,195,1085,115,5,0,20,0,155,10,0,0,0,0,35,0,0,0,0,0,0,0,0,0,0,0,0,0,0,0,0,0,970,35,5,5,160,0
26,22790,16294,0,0,0,0,0,55,55,0,0,0,0,0,0,0,0,0,0,0,0,0,0,0,0,0,0,0,0,0,0,0,0,0,0,0,550,0,0,0,0,0,0,0,0,0,354,1316,398,9,9,9,0,468,9,0,0,0,0,53,0,0,0,0,0,0,0,0,0,0,0,0,0,0,0,0,0,1528,18,150,9,159,0
27,169,42010,0,56,0,0,0,0,112,0,281,112,0,0,0,0,0,0,0,0,0,0,0,0,0,0,0,0,0,0,0,394,0,0,0,0,1293,0,0,0,0,0,0,0,0,0,8984,2939,3560,57,0,114,0,5085,0,0,0,0,0,170,0,0,0,0,0,0,0,0,0,0,0,0,0,0,0,0,0,10453,0,1469,57,1300,0
28,7413,5744,0,0,49,0,0,98,0,0,147,442,245,98,0,0,0,0,49,0,0,0,0,0,0,0,0,0,0,0,98,786,0,0,0,0,4615,0,0,0,0,0,0,0,34,0,10,29,10,0,0,63,0,63,0,0,0,0,0,1433,0,0,0,0,0,0,0,0,0,0,0,0,0,0,0,0,0,600,161,10,0,146,0
29,54213,58300,0,0,817,0,0,272,545,0,1362,4359,817,0,0,0,0,0,0,0,0,0,0,0,0,0,0,0,0,0,0,2452,0,0,0,0,8990,0,0,0,0,0,0,0,0,0,1536,624,1152,48,0,192,0,1248,0,0,0,0,0,768,0,0,0,0,0,0,0,0,48,0,0,0,0,0,0,0,0,10704,0,768,48,2832,0
30,23764,53469,0,0,0,0,0,270,810,0,270,5671,1890,0,0,0,0,0,0,0,0,0,0,0,0,0,0,0,0,0,0,2430,0,0,0,0,14853,0,0,0,0,0,0,0,0,0,4001,1397,1017,191,64,64,0,4255,255,0,0,0,0,508,0,4,0,0,0,0,0,0,0,0,0,0,0,0,0,0,0,13716,127,1016,64,2731,0
31,3202,8873,0,0,366,0,0,0,1738,0,457,366,2287,274,91,0,0,0,0,0,0,0,0,0,0,91,366,0,0,0,732,6037,0,0,0,0,20857,0,0,0,0,0,0,91,0,0,0,0,0,0,0,378,0,81,0,0,0,0,0,9126,0,0,0,0,0,0,0,0,27,0,0,0,0,0,0,0,0,351,189,0,0,2160,0
32,3691,25268,0,0,710,0,0,142,6814,0,1278,4684,4684,994,1987,0,0,0,0,0,0,0,0,0,0,0,284,0,0,0,1136,6246,0,0,0,0,22712,0,0,0,0,0,0,0,0,0,300,90,0,240,0,780,0,750,180,0,0,0,0,8700,300,2,0,0,0,30,0,0,0,270,0,0,0,60,0,0,0,4560,330,60,0,5130,0
33,6244,40993,0,0,2443,0,0,271,22804,0,2172,16289,14931,1086,1900,543,0,0,0,0,0,0,0,0,0,271,543,1357,0,0,0,15746,0,0,0,0,23890,0,0,271,0,0,0,0,368,0,736,74,0,0,0,442,0,3014,0,0,0,74,0,15141,74,7,0,0,0,147,0,74,0,221,0,0,0,441,0,0,0,12422,294,74,0,18816,0
34,17203,53758,0,0,922,0,0,307,4608,0,3072,11059,6758,614,1843,0,0,0,0,0,0,0,0,0,0,0,922,0,307,0,922,7987,0,0,0,0,25497,0,0,0,0,0,0,0,0,0,450,90,90,270,0,45,0,2115,135,0,90,0,0,1845,945,7,0,0,0,0,0,0,0,0,0,0,0,45,0,0,0,8235,0,315,45,8280,0
35,10428,26070,0,0,1117,0,0,372,20856,0,3724,8938,13035,0,745,0,0,0,0,0,0,0,0,0,0,0,0,0,0,0,745,23835,0,0,0,0,92362,0,0,0,0,0,0,0,0,0,675,90,0,0,0,68,0,135,0,0,0,0,0,5850,225,3,0,0,0,0,0,0,0,0,0,0,0,135,23,0,0,8235,23,23,0,3623,0
36,34682,68710,0,0,1309,0,0,1309,34682,0,3599,31737,7853,654,1963,0,0,0,0,0,0,0,0,0,0,0,0,0,0,0,0,17014,0,0,0,0,11452,0,0,0,0,0,0,0,89,0,3098,3629,1151,266,0,709,0,4248,1328,0,89,0,0,3009,0,20,0,0,0,0,0,0,0,0,0,0,0,354,0,0,0,36108,0,177,89,8142,0
37,4444,8080,0,0,2929,0,0,505,34845,0,707,18483,303,0,0,0,0,0,0,0,0,0,0,0,0,0,0,0,0,0,0,1313,0,0,0,0,505,0,0,0,0,0,0,0,204,0,2030,1320,1016,711,0,0,0,2741,204,0,0,0,0,3857,0,13,0,0,0,0,0,0,0,0,0,0,0,305,0,0,0,45371,0,102,203,7613,0
38,5630,32370,0,0,563,0,0,563,39970,0,5348,19140,27866,2252,1970,0,0,0,0,0,0,0,0,0,0,0,0,281,281,0,844,42503,0,0,0,0,36873,0,0,0,0,281,0,0,0,0,0,0,0,0,0,119,0,830,0,0,0,0,0,21093,1778,1,0,0,0,0,0,0,119,356,0,0,0,119,0,0,0,5451,0,0,0,21567,0
39,4058,25972,0,203,0,0,0,406,21102,0,1826,13595,19276,1217,1623,0,0,0,0,0,0,0,0,0,0,0,609,609,203,0,1015,36320,0,0,0,0,8319,0,0,0,0,0,0,0,0,0,704,0,0,352,0,176,0,10032,528,0,0,0,0,59840,5632,4,0,0,0,0,0,0,704,0,0,0,0,352,0,0,0,6688,0,0,0,20768,0
40,12858,55719,0,536,536,0,0,2143,43397,0,2143,46076,33217,536,536,0,0,0,0,0,0,0,0,0,0,0,536,0,0,0,2679,64291,0,0,0,0,3750,0,0,0,0,1072,0,0,0,0,1548,0,0,172,0,0,0,7568,172,0,0,0,0,39044,4472,9,0,0,0,0,0,0,0,0,0,0,0,3268,172,0,0,10492,172,0,0,17888,0
41,7045,15915,0,0,252,0,0,0,252,0,440,4466,126,0,0,0,0,0,0,0,0,0,0,0,0,0,0,0,0,0,0,252,0,0,0,0,6102,0,0,0,0,0,0,0,65,0,1885,1170,586,98,0,130,0,3120,0,0,33,0,0,780,293,2,0,0,0,0,33,0,0,0,0,0,0,33,0,0,0,2145,163,163,0,2730,0
42,39457,55032,0,0,0,0,0,0,0,0,0,3738,0,208,0,0,0,0,0,0,0,0,0,0,0,0,0,0,0,0,0,208,0,0,0,0,3115,0,0,0,0,0,0,0,0,0,3337,1139,1531,118,0,235,0,1727,79,0,39,0,0,118,118,4,0,0,0,0,0,0,0,0,0,0,0,0,0,0,0,4671,0,314,118,2277,0
43,12268,46422,0,0,0,0,0,0,294,0,294,981,0,0,0,0,0,0,0,0,0,0,0,0,0,0,0,0,196,0,0,98,294,0,0,0,883,0,0,0,0,0,0,0,0,0,2365,2838,1634,0,0,301,0,4558,0,0,0,0,0,86,43,0,0,0,0,0,0,0,0,0,0,0,0,0,0,0,0,7052,43,817,258,1118,0
44,9404,29014,0,0,300,0,0,0,300,0,500,4402,300,200,700,0,0,0,0,0,0,0,0,0,0,0,0,0,0,0,0,2701,0,0,0,0,7103,100,0,0,0,0,0,0,0,0,538,813,75,75,0,651,0,1025,38,0,50,0,0,1638,125,9,0,0,0,0,0,13,0,0,0,0,0,88,0,0,0,2250,188,125,13,1675,0
45,1792,70049,0,0,652,0,0,326,2932,0,2118,7819,163,326,489,0,0,0,0,0,0,0,0,0,0,0,0,0,0,0,0,5050,0,0,0,0,12869,0,0,0,0,0,0,0,0,0,2184,2392,208,312,0,1456,0,2600,0,0,156,0,0,1404,52,29,0,0,0,0,0,0,0,0,0,0,0,52,0,0,0,4992,104,624,0,3952,0
46,1974,71334,0,0,564,0,0,282,6767,0,1128,12688,846,282,2256,0,0,0,0,0,0,0,0,0,0,0,282,0,564,0,1410,2538,0,0,0,0,36372,0,0,0,0,0,0,0,0,0,4512,940,141,329,0,376,0,4982,188,0,94,0,0,3243,517,22,0,0,0,0,0,0,0,0,0,0,0,423,0,0,0,4888,0,282,188,6110,0
47,62238,22367,0,0,972,0,0,4862,147816,0,3404,9239,2431,486,1459,0,486,0,0,0,0,0,0,0,0,0,0,0,0,0,0,2917,0,0,0,0,486,0,0,0,0,0,0,0,187,0,267,960,27,0,0,240,0,0,0,0,27,0,0,3973,0,27,0,0,27,3867,0,0,0,0,0,0,0,0,0,0,0,4213,267,0,0,1387,0
48,26370,26370,0,377,0,0,0,4897,110754,0,16575,10548,5651,10548,2637,0,0,0,0,0,0,0,0,0,753,0,0,753,1884,5274,4521,3390,0,0,0,0,7534,753,0,0,0,0,0,0,304,51,0,203,51,0,0,101,0,51,354,0,203,0,0,21412,202,9,0,51,1212,3788,0,0,1061,0,51,303,0,202,0,0,51,3889,657,0,0,4899,0
49,156561,32784,0,669,0,0,0,12712,113741,0,2676,20072,1338,3345,669,0,0,0,0,0,0,0,0,0,0,0,0,0,0,669,0,3345,0,0,0,0,2676,0,0,0,0,2007,0,0,578,0,85,289,34,0,0,68,0,34,51,0,0,0,0,1615,0,42,0,0,0,816,0,0,0,0,0,17,0,0,0,0,0,2142,1207,0,0,527,0
50,260454,25576,0,0,1044,0,0,522,52195,0,522,8873,522,1566,1044,0,0,0,0,0,0,0,0,522,0,0,0,0,0,0,522,2610,0,0,0,0,522,0,0,0,0,0,0,0,405,0,729,602,189,0,0,81,0,297,135,0,27,0,0,594,0,26,0,0,27,459,0,0,0,0,0,0,0,27,0,0,0,9747,1080,0,0,1215,0
51,96658,168140,0,0,0,450,0,450,3147,0,0,899,0,0,0,0,0,0,0,0,0,0,0,0,0,0,0,0,0,0,0,0,0,0,0,0,12588,0,0,0,0,0,0,0,0,0,4307,1314,1387,0,0,0,0,2044,584,0,0,0,0,292,0,10,0,0,0,0,0,0,0,0,0,0,0,0,0,0,0,34018,1241,292,146,1679,0
52,37144,134715,0,0,0,0,0,0,832,0,0,277,0,0,0,0,0,0,0,0,0,0,0,0,0,0,0,0,0,0,0,0,0,0,0,0,1109,0,0,0,0,0,0,0,0,0,2889,5511,1980,54,0,161,0,3317,54,0,0,0,0,535,0,0,0,0,0,0,0,0,0,0,0,0,0,0,0,0,0,9309,0,482,54,1498,0
53,24158,24868,0,1421,0,0,0,0,181894,0,17763,10658,7105,36237,5684,0,0,0,0,0,0,0,711,0,0,0,0,0,711,5684,7816,18474,0,0,0,0,90947,0,0,0,0,711,711,0,194,0,0,608,0,0,0,0,0,0,24,0,73,24,24,706,0,29,0,0,0,3431,0,0,0,0,0,0,24,0,0,0,0,4550,1995,0,0,973,0
54,3213,13520,0,0,268,0,0,268,38015,0,1339,7362,268,134,268,0,0,0,0,0,0,0,0,0,0,0,0,0,0,0,2008,937,0,0,0,0,2811,0,0,0,0,0,0,0,526,0,15,204,15,0,0,0,0,0,58,0,15,0,0,117,0,21,0,0,0,102,0,0,0,0,0,0,0,0,0,0,0,2657,2643,0,0,248,0
55,99186,82429,0,0,1359,0,0,0,72918,0,2265,25816,1359,906,0,0,0,0,0,0,0,0,0,0,0,0,0,0,0,0,906,453,0,0,0,0,3170,0,0,0,0,0,0,0,1064,0,840,3976,336,168,0,224,0,1176,1064,0,0,0,0,336,56,47,0,0,0,1064,0,0,0,0,0,0,0,0,0,0,0,27608,1456,168,56,4144,0
56,53639,138085,0,0,0,0,0,725,56901,0,1812,3987,0,362,362,0,0,0,0,0,0,0,0,0,0,0,0,0,0,0,362,362,0,0,0,0,7249,362,0,0,0,0,0,0,964,0,3375,4459,1326,121,0,0,0,1326,2652,0,0,0,0,241,0,21,0,0,0,482,0,0,0,0,0,0,0,0,0,0,0,58322,2651,1446,0,4820,0
57,43976,33792,0,1389,5092,0,0,3703,116652,0,11110,15276,0,31478,12036,0,0,0,0,0,0,0,463,0,0,0,0,0,0,1389,22682,18053,0,0,0,0,5555,4166,0,0,0,0,0,0,284,0,740,0,0,0,0,63,0,0,16,0,79,16,0,142,0,25,0,0,0,677,0,0,0,0,0,0,0,0,0,0,0,2536,1575,0,0,866,0
58,12329,20070,0,287,1720,0,0,287,60783,0,7168,4587,1147,20070,3154,0,0,0,0,0,0,0,860,0,0,0,0,0,0,287,1720,3154,0,0,0,0,3441,4014,0,0,0,0,0,0,105,0,0,418,0,0,0,29,0,0,19,0,10,0,0,380,0,7,0,0,0,314,0,0,0,0,0,0,0,0,0,0,0,1501,1463,0,0,380,0
59,26360,25069,0,369,922,0,0,553,27650,0,3134,4055,1659,10876,2581,0,0,0,0,0,0,0,0,184,0,0,0,0,0,0,2212,1659,0,0,0,553,11060,369,369,0,0,0,0,0,72,0,0,369,0,0,0,18,0,0,0,0,9,0,0,279,0,5,0,0,27,54,0,0,0,0,0,0,0,18,0,0,0,1161,2034,0,0,243,0
60,68747,11692,0,0,1871,0,0,468,93533,0,468,9353,0,468,0,0,0,0,0,0,0,0,0,0,0,0,0,0,0,0,468,1871,0,0,0,0,1403,0,0,0,0,0,0,0,0,1320,176,1760,0,0,0,44,0,0,396,0,0,0,0,44,0,14,0,0,0,0,0,0,0,0,0,0,0,0,0,0,0,17600,1848,0,0,3432,0
61,89010,72480,0,0,2967,0,0,0,94520,0,4239,13987,1272,424,848,0,0,0,0,0,0,0,0,0,0,0,0,0,0,0,424,424,0,0,0,0,1695,0,0,0,0,0,0,0,968,0,792,4576,528,440,0,264,0,616,176,0,0,0,0,440,0,42,0,0,0,1056,0,0,0,0,0,0,0,0,0,0,0,26488,1232,264,0,3344,0
62,31792,108532,0,0,1096,0,0,3289,77288,0,2741,9318,0,0,0,0,0,0,0,0,0,0,0,0,0,0,0,0,0,0,0,0,0,0,0,0,6578,0,0,0,0,0,0,0,2552,0,8222,5670,1702,567,0,567,0,5954,567,0,0,0,0,1134,0,38,0,0,0,567,0,0,0,0,0,0,0,0,0,0,0,97524,567,2835,284,12758,0
63,21172,38922,0,0,428,0,0,1069,19033,0,855,2566,855,2352,0,0,0,0,0,0,0,0,0,0,0,0,0,0,0,0,1497,5133,0,0,0,0,1497,0,0,0,0,0,0,0,0,0,2145,1573,429,143,0,429,0,2431,0,0,0,0,0,15444,3146,3,0,0,0,0,0,0,0,0,0,0,0,286,0,0,0,36751,0,0,0,11869,0
64,11044,110435,0,0,0,0,0,9419,34430,0,7795,26310,1624,0,0,0,0,0,0,0,0,0,0,0,0,0,0,0,0,0,650,1949,0,0,0,0,974,0,0,0,0,0,0,0,311,0,2489,933,156,311,0,311,0,1556,467,0,0,0,0,2955,1400,15,0,0,0,0,0,0,0,0,0,0,0,156,0,156,0,48827,0,0,156,16017,0
65,86502,122355,0,569,0,0,0,9675,110974,0,6829,38698,569,0,1138,0,0,0,0,0,0,0,0,0,0,0,0,0,0,0,0,5122,0,0,0,0,5691,0,0,0,0,0,0,0,452,0,2258,6322,2258,2107,0,603,0,3914,753,0,151,0,0,1957,0,14,0,0,0,151,0,0,0,0,0,0,0,452,0,452,0,45903,301,151,151,13846,0
66,4470,20288,0,1375,688,0,0,1032,62926,0,2751,3439,1032,7565,1375,0,0,0,0,0,0,0,0,0,0,0,0,0,1032,0,3782,20975,0,0,0,0,45045,0,0,0,0,0,0,0,0,0,68,68,0,0,0,0,0,203,0,0,0,0,0,9450,135,12,0,0,0,0,0,0,0,1890,0,0,0,2768,203,68,0,2093,540,0,0,14445,0
67,17175,182483,0,3757,1073,0,0,8587,93388,0,5904,49378,3757,3220,3220,0,0,0,0,0,0,0,0,0,0,0,1073,0,0,0,537,42400,0,0,0,0,8587,0,0,0,0,537,0,0,452,0,1130,226,0,452,0,0,0,5876,452,0,0,0,0,59664,15142,4,0,0,0,0,0,0,1130,226,0,0,0,3616,678,226,0,6554,452,0,0,31640,0
68,9178,160610,0,765,0,0,0,4589,95601,0,3059,38240,1530,765,765,0,0,0,0,0,0,0,0,0,0,0,0,0,0,0,3824,19885,0,0,0,0,3059,0,0,0,0,0,0,0,386,0,2185,386,0,643,0,1542,0,15164,129,0,0,0,0,33410,4883,11,0,0,0,129,0,0,257,0,0,0,0,3084,257,0,0,9381,129,129,257,23644,0
69,19865,22489,0,3748,1499,0,0,6372,45352,0,10120,2249,10495,1124,1499,0,0,0,0,0,0,0,0,0,0,0,0,0,375,0,11619,60719,0,0,0,0,20615,0,0,750,0,750,0,0,265,0,4187,530,0,0,0,1272,0,53,53,0,159,0,0,159,0,36,0,0,0,0,0,0,0,0,0,0,0,424,0,0,0,13144,1961,0,0,4823,0
70,39049,16881,0,1830,1220,0,0,6915,31727,0,3864,1017,4474,0,407,0,0,0,0,0,0,0,0,0,0,0,0,0,0,0,3457,24609,0,0,0,0,5085,0,203,2237,203,0,0,0,97,0,32,1610,0,0,0,1127,0,32,129,0,96,0,0,161,0,50,0,0,0,0,0,0,0,0,32,0,0,708,0,0,0,10626,322,0,0,1674,0
71,22759,68278,506,3035,1012,0,0,12644,73841,0,13656,3035,17196,0,0,0,0,0,0,0,0,0,0,0,0,0,0,0,0,0,7586,48553,0,0,0,0,26300,0,0,0,0,1012,0,0,150,0,2036,1584,0,0,0,2790,0,1583,679,0,75,0,0,6032,0,50,0,0,0,0,0,0,0,0,0,0,0,679,0,0,0,9425,302,0,151,9802,0
72,110713,7381,0,12711,820,0,0,820,107843,0,2050,2050,1230,2460,1230,0,0,0,0,0,0,0,0,0,0,0,0,0,0,0,820,22553,0,0,0,0,1230,0,820,0,0,0,0,0,74,0,74,184,0,0,0,24,0,86,25,0,37,12,0,539,0,14,0,0,0,0,0,0,0,0,0,0,0,662,12,0,0,2499,845,0,0,980,0
73,994,5470,0,3481,1740,0,0,497,100193,0,746,1989,249,0,0,0,0,0,0,0,0,0,0,0,0,0,0,0,0,0,497,8702,0,0,0,0,249,0,249,0,0,0,0,0,57,0,10,286,0,0,0,0,0,20,0,0,0,0,0,124,0,8,0,0,0,0,0,0,0,0,0,0,0,2546,0,0,0,428,846,0,0,171,0
74,16802,32163,0,1440,480,0,0,3360,229943,0,480,12001,960,0,0,0,0,0,0,0,0,0,0,0,0,0,0,0,0,0,480,13921,0,0,0,0,4800,0,0,0,0,0,0,0,98,0,2679,2123,0,65,0,33,0,980,98,0,0,0,0,1470,0,32,0,0,0,0,0,0,0,0,0,0,0,915,0,0,0,6011,653,33,131,4018,0
75,22195,18921,0,728,3639,0,0,4366,149545,0,1455,2911,364,0,0,0,0,0,0,0,0,0,0,0,0,0,0,0,0,0,2911,8369,0,0,0,0,2183,0,0,0,0,0,0,0,81,0,2106,3726,162,1296,0,0,0,162,162,0,0,0,0,1458,0,42,0,0,0,0,0,0,0,0,0,0,0,405,0,0,0,20493,324,405,567,9801,0
76,13159,40299,0,822,5757,0,0,12336,334728,0,1645,8224,1645,0,0,0,0,0,0,0,0,0,0,0,0,0,0,0,0,0,4935,11514,0,0,0,0,6579,0,0,0,0,0,0,0,105,0,939,2363,70,140,0,0,0,730,174,0,0,0,0,4413,70,50,0,0,0,0,0,0,0,0,0,0,0,243,0,0,0,5143,973,0,0,4240,0
77,55085,8967,0,8327,1281,0,0,10248,341399,0,3203,1922,1281,0,0,0,0,0,0,0,0,0,0,0,0,0,0,0,0,0,3843,12170,0,0,0,0,3843,0,0,0,0,0,0,0,554,0,21,677,0,0,0,62,0,41,800,0,0,0,0,4982,0,3,0,0,0,0,0,0,0,0,0,0,0,533,0,0,0,2030,1476,0,0,1353,0
78,22090,22515,0,3823,2124,0,0,4673,183093,0,3823,2974,0,0,0,0,0,0,0,0,0,0,0,0,0,0,0,0,0,0,1699,8071,0,0,0,0,1699,0,0,0,0,0,0,0,540,0,630,1890,90,450,0,0,0,1170,1710,0,0,0,0,12870,0,20,0,0,0,0,0,0,0,0,0,0,0,1080,0,0,0,8550,1620,0,360,8910,0
79,11161,22942,0,1860,3720,0,0,8061,285222,0,7441,3720,0,0,0,0,0,0,0,0,0,0,0,0,0,0,0,0,0,0,4960,8681,0,0,0,0,620,0,0,0,0,0,0,0,97,0,679,2910,97,873,0,0,0,485,485,0,0,0,0,1843,0,36,0,0,0,0,0,0,0,0,0,0,0,582,0,0,0,23668,485,194,485,12028,0
80,8724,10331,0,0,0,0,0,7805,23416,0,0,459,25942,10101,918,0,0,0,0,230,0,0,8265,0,0,0,0,0,689,0,918,2755,0,0,0,230,459,1377,689,0,0,0,0,0,868,145,0,3180,0,0,0,2746,0,145,3613,0,579,0,0,53176,0,89,0,0,8237,12572,0,0,0,0,1301,0,0,434,0,0,0,9248,723,0,0,6647,0
81,3511,11035,0,0,502,0,0,3177,52832,0,1003,2675,3009,5350,669,0,0,0,0,0,0,0,0,502,0,0,0,0,502,0,0,3845,0,0,0,0,0,836,0,0,0,0,0,0,441,0,252,1134,0,0,0,567,0,63,189,0,189,0,0,18081,0,15,0,189,378,4221,0,0,0,0,693,0,0,63,126,0,0,3969,945,0,0,1701,0
82,2878,4863,0,3349,0,0,0,372,347,0,223,372,273,323,25,0,0,0,0,0,0,0,50,50,0,0,0,0,0,0,372,1613,0,0,25,25,50,0,0,0,0,74,0,0,18,0,25,98,2,0,0,0,0,15,9,0,0,2,0,106,0,6,0,0,0,4,0,0,0,0,0,0,0,0,0,0,0,523,11,4,0,106,0
83,116998,17138,0,989,2307,0,0,1977,21093,0,3296,2966,659,659,0,0,0,0,0,0,0,0,659,0,0,0,0,0,0,0,659,2637,0,0,0,0,330,0,0,0,0,0,0,0,90,0,3195,765,0,0,0,0,0,450,0,0,0,0,0,405,0,6,0,0,45,0,0,0,0,0,0,0,0,0,0,0,0,21060,405,0,0,1170,0
84,15949,36171,0,1139,1709,0,0,1994,80886,0,3987,5981,570,2848,570,0,0,0,0,0,0,0,570,0,0,0,0,0,0,0,570,2848,0,1139,0,0,1709,285,0,0,0,0,0,0,134,0,1943,2010,134,335,0,0,0,871,201,0,134,0,0,737,101,13,0,0,0,201,0,0,0,0,0,0,0,0,0,0,0,22445,3149,268,67,3752,0
85,4855,38463,0,2427,3548,0,0,2241,56948,0,3361,13630,187,187,0,0,0,0,0,0,0,0,0,0,0,0,0,0,0,0,560,4668,0,0,0,0,6908,0,0,0,0,0,0,0,860,0,7955,14190,860,645,0,0,0,1720,2150,0,0,0,0,0,0,0,0,0,0,0,0,0,0,0,0,0,0,0,0,0,0,49020,430,860,215,14190,0
86,47393,5809,0,0,0,0,0,0,51980,0,0,0,0,0,0,0,0,0,0,0,0,0,0,306,0,0,0,0,0,0,1835,6115,0,0,0,0,0,0,0,0,0,0,0,0,277,119,0,1106,0,0,0,40,0,0,0,0,0,0,0,10784,0,5,2,0,0,0,0,0,0,0,0,0,0,0,158,0,0,6241,395,0,0,40,0
87,40635,20769,0,16254,301,0,0,2408,89698,0,602,1204,0,0,0,0,0,0,0,0,0,0,0,0,0,0,0,0,0,0,602,9933,0,0,0,0,301,0,0,0,0,0,0,0,265,0,58,1691,0,0,0,12,0,23,92,0,0,0,0,138,0,6,0,0,0,0,0,0,0,0,0,0,0,0,0,0,0,2611,1001,0,0,541,0
88,4239,115289,0,4239,2543,0,0,2967,105964,0,2119,11020,848,0,0,0,0,0,0,0,0,0,0,0,0,0,0,0,0,0,0,8477,0,0,0,0,4239,0,0,0,0,0,0,0,459,0,6756,6527,115,1031,0,115,0,2176,0,0,0,0,0,573,0,29,0,0,0,0,0,0,0,0,0,0,0,0,0,0,0,30915,458,229,0,13969,0
89,1663,56824,0,3603,1940,0,0,4435,43242,0,3049,14968,277,277,0,0,0,0,0,0,0,0,0,0,0,0,0,0,0,0,554,8316,0,0,0,0,554,0,0,0,0,0,0,0,321,0,4815,7169,749,749,0,107,0,1284,428,0,0,0,0,321,0,30,0,0,107,0,0,0,0,0,0,0,0,0,0,0,0,29960,963,1177,0,11984,0
90,72067,10899,0,7785,0,0,0,667,16015,0,222,222,0,0,0,0,0,0,0,0,0,0,0,0,0,0,0,0,0,0,2447,7118,0,0,0,0,2447,0,0,0,0,0,0,0,24,0,71,847,24,0,0,0,0,24,118,0,0,0,0,1504,0,10,0,0,24,0,0,0,0,0,0,0,0,0,0,0,0,5546,1739,0,0,658,0
91,19523,44807,0,2880,320,0,0,640,139861,0,320,640,0,0,0,0,0,0,0,0,0,0,0,0,0,0,0,0,0,0,640,6721,0,0,0,0,4481,0,0,0,0,0,0,0,845,0,1040,2340,0,325,0,65,0,1365,260,0,0,0,0,2210,0,37,0,0,0,0,0,0,0,0,0,0,0,0,0,0,0,26260,5265,130,65,4420,0
92,20393,51245,0,1046,523,0,0,6275,151642,0,4183,2092,0,0,0,0,0,0,0,0,0,0,0,0,0,0,0,0,0,0,1569,7844,0,0,0,0,13073,0,0,0,0,0,0,0,625,0,2251,6063,63,438,0,188,0,1751,438,0,0,0,0,750,0,11,0,0,0,0,0,0,0,0,0,0,0,0,0,0,0,27813,3938,63,188,5938,0
93,96870,18133,0,477,477,0,0,477,127887,0,5249,3340,24814,2863,477,0,0,0,0,0,0,0,0,0,0,0,0,0,0,0,4772,33403,0,0,0,0,11930,0,477,0,0,0,0,0,0,0,918,2108,0,0,0,1360,0,0,0,0,0,0,0,408,0,44,0,0,0,0,0,0,0,0,0,0,0,612,34,0,0,7854,238,0,0,1326,0
94,147003,64107,0,4421,1105,0,0,4421,273006,0,23211,35369,38685,1105,0,0,0,0,0,0,0,0,0,0,0,0,0,0,0,0,4421,34264,0,0,0,0,14369,0,0,0,0,0,0,0,0,0,13436,1775,254,0,0,2282,0,761,0,0,254,0,0,3549,0,115,0,0,0,0,0,0,254,0,0,0,0,3042,0,0,0,82388,507,0,0,20787,0
95,14350,27311,0,1389,0,0,0,463,101839,0,12961,13887,13887,0,0,0,0,0,0,0,0,0,0,0,0,0,0,0,0,0,1389,16202,0,0,0,0,9258,0,0,0,0,0,0,0,105,0,4598,1045,627,105,0,523,0,1986,209,0,0,0,0,2299,0,59,0,0,0,0,0,0,0,0,0,0,0,3553,0,0,0,38143,418,314,209,16198,0
96,6852,5918,0,6230,0,0,0,1869,15885,0,5607,3426,26164,2803,1557,0,0,0,0,0,0,0,0,0,0,0,0,0,0,0,4984,45476,0,0,0,0,25853,0,311,623,0,0,0,0,4,0,11,32,4,0,0,7,0,18,4,0,4,0,0,382,0,23,0,0,0,0,0,0,28,0,0,0,0,749,7,0,0,217,105,0,0,200,0
97,56204,32932,0,439,0,0,0,2195,126899,0,12734,5708,28541,3074,2195,0,0,0,0,0,0,0,0,0,0,0,0,0,0,0,439,41714,0,0,0,0,6586,0,878,0,0,0,0,0,35,0,980,560,35,0,0,385,0,140,0,0,0,0,0,1400,420,35,0,0,0,0,0,0,35,0,0,0,0,3710,0,0,0,9065,280,0,0,4375,0
98,57083,62556,0,1564,1564,0,0,14075,154045,0,5474,2346,5474,782,1564,0,0,0,0,0,0,0,0,0,0,0,782,782,0,0,0,39098,0,0,0,0,7820,0,782,0,782,0,0,0,79,0,711,1580,79,79,0,1185,0,1185,237,0,0,0,0,6952,3239,40,0,0,0,0,0,0,79,0,0,0,0,6794,0,0,0,9559,1422,158,0,8769,0
99,67397,68786,0,695,0,0,0,7643,179261,0,6948,5558,13896,0,695,0,0,0,0,0,0,0,0,0,0,0,0,695,0,0,2779,36130,0,0,0,0,11117,0,0,0,0,695,0,0,500,0,2300,3000,100,0,0,900,0,1400,300,0,0,0,0,10700,1100,21,0,0,0,0,0,0,0,0,0,0,0,2700,0,0,0,12700,700,0,200,11100,0
100,9550,5721,0,5316,0,0,0,180,721,0,0,45,0,0,0,0,0,90,0,45,0,45,45,0,0,0,0,0,0,0,1081,631,0,0,0,0,450,0,0,0,0,721,0,0,12,12,12,233,0,0,0,0,0,0,0,0,0,0,0,4202,0,0,0,0,0,0,0,0,0,0,0,0,0,0,37,0,0,600,625,0,0,61,0
